Period,ProjectKey,StatusKey,PlannedBudget,ActualBudget,PlannedDurationDays,ActualDurationDays,ProgressPercent,HoursWorked
2023-04-30,5,1,60000000,59472030,145,119,0,1547
2024-10-31,1,2,51000000,55411380,260,319,41,4466
2023-06-30,10,2,8000000,8292523,464,491,23,8838
2023-10-31,3,4,10000000,9895617,310,353,56,2824
2024-08-31,6,2,69000000,67470576,510,557,77,4456
2025-02-28,9,2,76000000,81709790,497,552,86,9936
2025-03-31,6,2,31000000,38177370,509,489,72,4890
2024-10-31,6,3,17000000,24131828,323,342,100,3762
2026-02-28,2,4,54000000,49215236,270,269,74,2152
2026-05-31,5,5,37000000,41129659,337,329,28,4606
2025-06-30,1,1,66000000,64240971,100,102,0,1428
2026-05-31,7,1,16000000,19561753,271,331,0,2648
2025-11-30,7,1,59000000,54488835,255,258,0,3354
2025-03-31,6,1,28000000,30030288,122,178,0,1602
2026-05-31,1,4,57000000,61018363,246,234,64,2340
2025-11-30,6,2,29000000,33886730,287,312,17,5616
2023-02-28,6,2,65000000,65097015,309,282,30,4512
2025-09-30,9,1,72000000,68757875,369,386,0,3474
2024-06-30,9,2,49000000,48438388,293,268,74,4288
2024-01-31,1,2,80000000,78874329,133,179,50,2864
2025-11-30,3,5,76000000,73272406,492,523,1,6276
2026-10-31,10,4,51000000,52640645,204,238,79,1904
2026-03-31,10,5,51000000,57673287,389,374,29,4862
2026-07-31,7,2,35000000,42923254,319,332,34,2656
2025-03-31,7,2,30000000,34378974,282,299,18,3588
2025-09-30,10,2,56000000,51865770,390,409,48,6953
2026-10-31,6,2,65000000,64461301,520,546,82,6006
2026-09-30,8,2,43000000,43656913,114,107,25,1926
2025-08-31,3,2,13000000,15890458,367,355,51,6035
2023-03-31,8,2,44000000,50840501,387,358,51,3222
2024-05-31,5,2,61000000,61999963,307,282,87,5076
2023-11-30,4,1,75000000,72783817,481,518,0,7770
2024-03-31,5,2,21000000,23427481,403,442,81,7072
2023-05-31,7,2,65000000,61861399,120,162,65,2592
2024-11-30,3,2,32000000,30550563,213,187,41,2618
2023-02-28,1,2,49000000,53175923,105,80,41,800
2024-08-31,2,2,49000000,47556956,353,326,56,3586
2025-03-31,4,2,63000000,64554413,376,370,59,2960
2024-07-31,3,2,21000000,18113573,152,180,55,1440
2025-05-31,9,2,54000000,52579812,289,265,23,4505
2026-07-31,6,3,34000000,35447206,182,205,100,1640
2023-11-30,2,2,20000000,17456338,202,230,65,1840
2023-04-30,3,1,19000000,16253679,432,407,0,4477
2024-04-30,7,2,26000000,22499934,435,406,47,5278
2024-03-31,1,1,16000000,12851000,217,223,0,1784
2026-03-31,9,2,61000000,65314385,278,295,90,2360
2026-03-31,5,2,8000000,8881125,349,319,47,3190
2026-04-30,6,2,21000000,28304948,395,433,35,7794
2023-05-31,4,2,53000000,55170100,488,519,46,8304
2023-11-30,7,1,11000000,18824042,410,466,0,4660
2023-07-31,3,5,20000000,19537403,152,131,16,1703
2023-09-30,5,2,41000000,44714413,495,535,25,4815
2024-10-31,5,4,47000000,49373717,210,180,47,1620
2025-05-31,7,4,53000000,59309322,182,168,40,1848
2024-04-30,1,4,24000000,20406861,179,217,66,3038
2024-08-31,2,4,23000000,27545520,291,295,43,5310
2025-11-30,4,4,47000000,52023487,370,424,41,5088
2024-07-31,4,2,71000000,66754417,306,284,29,4544
2024-03-31,2,2,32000000,33722944,381,406,78,4466
2023-06-30,8,1,76000000,76225412,449,422,0,4220
2026-06-30,9,1,14000000,15908565,498,528,0,9504
2023-12-31,7,5,21000000,17464829,112,109,8,1962
2026-02-28,5,2,61000000,67841212,224,230,62,3680
2026-07-31,9,1,8000000,12736598,399,459,0,8262
2026-03-31,2,2,39000000,44517989,498,538,71,6456
2025-06-30,6,3,44000000,48034616,480,522,100,5742
2023-11-30,1,2,20000000,23234756,500,517,63,4653
2026-07-31,10,1,57000000,54278276,349,405,0,4455
2026-05-31,9,2,48000000,53145540,413,436,44,4360
2024-04-30,2,3,14000000,20590628,354,342,100,3420
2026-06-30,3,3,59000000,66488161,504,496,100,8928
2023-12-31,8,2,8000000,10895311,169,174,54,3132
2025-05-31,4,1,68000000,69648966,253,229,0,2977
2025-05-31,8,1,12000000,18973778,270,286,0,5148
2025-12-31,8,3,51000000,57166468,209,183,100,2013
2026-08-31,8,2,9000000,9841641,422,408,44,4896
2026-08-31,2,2,14000000,10981404,375,361,76,5415
2025-09-30,7,2,71000000,67075663,498,492,33,6396
2026-09-30,7,3,22000000,23642419,127,142,100,1562
2024-05-31,2,3,55000000,52934533,187,167,100,2338
2025-05-31,1,2,20000000,20018480,349,369,58,4797
2023-05-31,6,3,23000000,18452365,317,337,100,3707
2024-07-31,6,3,27000000,27365210,399,429,100,3432
2026-04-30,8,4,34000000,34539426,213,272,75,3264
2023-11-30,4,2,50000000,52986464,410,437,69,5244
2023-06-30,7,4,20000000,25244531,522,533,76,9061
2025-10-31,3,2,15000000,12701343,446,469,75,5628
2026-03-31,4,4,30000000,33728717,211,270,45,3780
2025-12-31,2,2,25000000,22822528,266,325,85,3900
2025-03-31,3,2,42000000,47349040,208,256,35,4352
2026-03-31,1,4,47000000,54883070,188,236,41,2360
2024-10-31,10,3,28000000,28465788,110,92,100,1012
2023-06-30,3,5,63000000,60886380,138,179,38,3222
2024-04-30,2,2,27000000,25984797,434,443,31,7531
2024-12-31,7,5,70000000,70216258,311,336,36,3360
2024-01-31,4,2,64000000,67485409,164,220,85,2200
2025-10-31,3,2,23000000,19584533,244,294,32,4410
2026-11-30,7,2,37000000,42408759,311,290,44,3480
2024-06-30,4,5,34000000,32189952,94,148,32,1776
2025-08-31,2,2,49000000,52468408,126,151,79,2265
2026-05-31,1,1,50000000,47134898,315,344,0,5160
2024-11-30,6,4,37000000,38013173,449,451,76,4059
2023-07-31,1,3,52000000,53277810,516,543,100,5430
2024-04-30,3,3,50000000,48472666,459,486,100,5346
2026-12-31,7,2,28000000,27334806,383,399,60,7182
2026-06-30,1,3,37000000,39965446,205,261,100,4437
2024-11-30,8,4,49000000,55933110,91,144,61,2592
2023-04-30,4,1,25000000,24544360,183,215,0,2365
2025-10-31,3,2,43000000,44732877,370,400,17,5600
2024-05-31,6,4,17000000,15895460,469,495,45,4950
2025-03-31,5,5,66000000,70117755,470,501,3,5511
2023-10-31,8,4,37000000,33726981,355,388,79,5044
2023-09-30,4,2,16000000,12214715,351,389,74,7002
2025-08-31,5,3,32000000,32440685,499,519,100,8304
2026-04-30,4,4,12000000,18134788,436,472,80,5664
2025-07-31,5,1,58000000,58381255,154,155,0,2790
2024-03-31,6,1,64000000,59942438,454,426,0,3408
2026-06-30,10,2,51000000,57001306,144,135,35,1485
2025-05-31,10,3,33000000,37879164,259,265,100,4770
2025-08-31,6,2,54000000,51654247,324,357,77,3570
2026-05-31,7,3,54000000,55599773,438,471,100,3768
2024-02-29,4,2,24000000,23397259,216,241,27,3374
2025-01-31,4,5,16000000,23394251,414,459,10,5049
2023-04-30,8,2,34000000,40275230,290,310,81,3720
2026-06-30,7,5,31000000,35665231,306,298,22,4768
2026-11-30,10,3,12000000,10105536,478,503,100,4024
2025-08-31,1,3,15000000,16734713,122,112,100,2016
2024-01-31,5,2,39000000,41421571,101,75,18,1125
2024-10-31,9,1,29000000,36339656,344,375,0,4125
2023-08-31,7,1,16000000,22074832,470,484,0,8228
2025-11-30,4,4,25000000,24178899,204,205,45,3485
2024-08-31,2,2,8000000,14431431,221,238,56,3808
2024-08-31,1,4,43000000,39323095,485,540,81,7560
2024-04-30,6,4,67000000,72371752,197,238,71,2142
2023-04-30,2,1,68000000,69555698,190,226,0,3616
2026-11-30,4,5,27000000,24168801,447,489,37,8802
2026-09-30,5,4,16000000,18497469,99,80,72,960
2025-03-31,8,2,24000000,26794506,432,419,89,7123
2024-08-31,9,3,49000000,52355404,413,465,100,5115
2024-03-31,8,2,19000000,21905332,538,539,67,7546
2024-08-31,6,2,76000000,82829174,233,288,80,2304
2026-11-30,9,1,24000000,21328649,335,359,0,3231
2024-06-30,3,4,18000000,14663345,403,447,61,5811
2026-08-31,7,2,39000000,43511063,473,449,77,6286
2026-05-31,1,2,36000000,35931735,326,381,79,3429
2024-02-29,4,4,29000000,32593954,532,589,48,5890
2024-07-31,2,2,38000000,40013082,463,490,30,7840
2026-04-30,1,4,36000000,38349391,313,304,59,2432
2026-11-30,4,5,64000000,62785385,90,65,9,910
2026-12-31,10,1,66000000,63824300,101,141,0,1410
